,time,Balance,Payment,Interest,Annuity,IRR,Expected Loss,Prob_default
0,0.0,10000.0,0.0,0.0,5437.694117536289,0.0,1000.0,0.2
1,1.0,9187.284416313298,812.7155836867014,4624.978533849588,5437.694117536289,-0.4562305882463711,918.7284416313298,0.16000000000000003
2,2.0,7998.689619758992,1188.5947965543055,4249.0993209819835,5437.694117536289,0.05781772149796205,799.8689619758993,0.12800000000000003
3,3.0,6260.372281253789,1738.3173385052032,3699.376779031086,5437.694117536289,0.2911247096833467,626.037228125379,0.10240000000000003
4,4.0,3718.0869051880745,2542.2853760657144,2895.4087414705746,5437.694117536289,0.4037138101821982,371.80869051880745,0.08192000000000002
5,5.0,-5.4569682106375694e-12,3718.08690518808,1719.607212348209,5437.694117536289,0.4624978533849584,-5.45696821063757e-13,0.32767999999999986
