,time,Balance,Payment,Interest,Annuity,IRR,Expected Loss,Prob_default
0,0.0,10000.0,0.0,0.0,0.0,0.0,1000.0,0.2
1,1.0,8841.840455454183,1158.1595445458174,2761.017009200151,3919.1765537459682,-0.6080823446254031,884.1840455454184,0.16000000000000003
2,2.0,7363.911090722515,1477.9293647316676,2441.2471890143006,3919.1765537459682,-0.148055259717639,736.3911090722515,0.12800000000000003
3,3.0,5477.922914548796,1885.9881761737186,2033.1883775722497,3919.1765537459682,0.08553886293771518,547.7922914548797,0.10240000000000003
4,4.0,3071.210195018477,2406.712719530319,1512.463834215649,3919.1765537459682,0.20767027626226153,307.1210195018477,0.08192000000000002
5,5.0,1.3642420526593924e-12,3071.2101950184756,847.9663587274927,3919.1765537459682,0.2761017009200153,1.3642420526593926e-13,0.32767999999999986
