time,Balance,Payment,Interest,Annuity,IRR,Expected Loss,Prob_default
0.0,10000.0,0.0,0.0,10953.275390625,0.0,4800.0,0.6
1.0,9709.1728515625,290.8271484375,10662.4482421875,10953.275390625,0.09532753906250013,4660.4033203125,0.24
2.0,9108.2529296875,600.919921875,10352.35546875,10953.275390625,0.728876342914923,4371.9619140625,0.09600000000000002
3.0,7866.60546875,1241.6474609375,9711.6279296875,10953.275390625,0.946900627120695,3775.970947265625,0.03840000000000001
4.0,5301.0576171875,2565.5478515625,8387.7275390625,10953.275390625,1.0309478424230867,2544.5078125,0.015360000000000002
5.0,0.00732421875,5301.05029296875,5652.22509765625,10953.275390625,1.066244812089487,0.003515625139698386,0.010240000000000027
