time,Balance,Payment,Interest,Annuity,IRR,Expected Loss,Prob_default
0.0,10000.0,0.0,0.0,11099.958984375,0.0,4800.0,0.6
1.0,9715.9853515625,284.0146484375,10815.9443359375,11099.958984375,0.10999589843750002,4663.67333984375,0.24
2.0,9124.7822265625,591.203125,10508.755859375,11099.958984375,0.7458038200786978,4379.8955078125,0.09600000000000002
3.0,7894.1376953125,1230.64453125,9869.314453125,11099.958984375,0.9633246380169325,3789.186279296875,0.03840000000000001
4.0,5332.4345703125,2561.703125,8538.255859375,11099.958984375,1.0467450460712202,2559.56884765625,0.015360000000000002
5.0,0.00732421875,5332.42724609375,5767.53173828125,11099.958984375,1.0815944304544454,0.003515625139698386,0.010240000000000027
