{"target_column": "max_temp", "add_intercept": -7.325262870763579, "predictors": ["min_temp", "yr", "mo", "da"], "weights": [0.9215156917920748, 0.4195792122665015, -0.05497122396881084, -0.002088207042993424]}