{"target_column": "max_temp", "add_intercept": -7.315834045410156, "predictors": ["min_temp", "yr", "mo", "da", "intercept"], "weights": [0.9215150475502014, 0.41951417922973633, -0.05497898906469345, -0.0020872093737125397]}